Unnamed: 0,0000000000,Student ID,Session 21/09/2022,Session 28/09/2022,Session 05/10/2022,Session 12/10/2022,Session 19/10/2022,Session 26/10/2022,Session 02/11/2022,Session 09/11/2022,Session 16/11/2022,Session 23/11/2022,Session 30/11/2022,Session 07/12/2022,Session 14/12/2022,Session 21/12/2022,sessionsAttended,attendancePercentage,Algorithms and Complexity,Analysis 1,Bachelor Semester Project 1,Bachelor Semester Project 2,Bachelor Semester Project 3,Bachelor Semester Project 5,Bachelor Semester Project 6,Computational Science,Computational Science 1,Computing Infrastructure 1,Discrete Mathematics 1,Discrete Mathématics 2,Human-Computer Interaction (HCI),Information Management 1,Information Management 2,Intelligent Systems 2,Introduction to Machine Learning,Linear Algebra 1,Linear Algebra 2,Natural Language Processing,Online Course (OL),Online courses (OL),Programming Fundamentals 1,Programming Fundamentals 3,Programming Languages,Security 1,Security 2,Software Engineering 1,Software Engineering 2,Software Foundations,Theoretical Computer Science 1,User Centered Design,Web Development 1,Web Development 2,Unnamed: 35
0,0,0210192813,A,A,A,A,A,A,A,A,A,A,A,A,A,A,0,0,,,,,,20,,,,,,,17.3,,,,16.3,,,19.2,,,,,,,,17.5,,,,,,17.3,
1,1,0210424407,A,A,A,A,A,A,A,A,A,A,A,A,A,A,0,0,,,,,,16,,,,,,12.5,11.6,,,,7.7,,,17.2,,,,7.9,,,,0,,,,,,15,
2,2,021145823F,A,A,A,A,A,A,A,A,A,A,A,A,A,A,0,0,,,,,,16.5,,,,,,,11.1,,,,ABS_EXAM_JUST,,,20,,,,,,,,7.5,,,,,,15.9,
3,3,021155815C,A,A,A,A,A,A,A,A,A,A,A,A,A,A,0,0,,,,,,19,,13,,,,,14.5,,,,17.3,,,16.8,,,,,,,,6.5,,,,,,17.3,
4,4,0211109443,A,A,A,A,A,A,A,A,A,A,A,A,A,A,0,0,,,,,,19,,,,,,,15.1,,,,8.6,,ABS_EXAM,18.2,,,,,,,,12,,,,,,16.1,
5,5,0211442503,A,A,A,A,A,A,A,A,A,A,A,A,A,A,0,0,,,,,,17,,,,,,,15.4,,,,13.7,,,16.7,,,,,,,,4,,,,,,14.7,
6,6,021153080D,A,A,A,A,A,A,A,A,A,A,A,A,A,A,0,0,,,,,,18.5,,6,,,,,13.2,,,,17.6,,10.5,17,,,,,,,,10,,,,,,15.7,
7,7,0200838753,A,A,A,A,A,A,A,A,A,A,A,A,A,A,0,0,,,,,,,,6 *,,,,,8.9,,,,6.6,,,14.4,,,10,7.7,ABS_EXAM,,,ABS_EXAM,,,,8,,13.9,
8,8,0210268500,A,A,A,A,A,A,A,A,A,A,A,A,A,A,0,0,,,,,,17.5,,,,,,,15.6,,,,17.9,,,19,,,,,,,,14,,,,,,18.7,
9,9,0211428539,A,A,A,A,A,A,A,A,A,A,A,A,A,A,0,0,,,,,,16.5,,ABS_EXAM,,,,,8,12,,,15.4,,,15.4,,,,,,,,ABS_EXAM,,,,,,17.3,
10,10,0211546145,A,A,A,A,A,A,A,A,A,A,A,A,A,A,0,0,,,,,,14,,10,,,,,17.7,,,,15.1,,,17.6,,,,,,,,ABS_EXAM,,,,,,16.3,
11,11,021137093F,A,A,A,A,A,A,A,A,A,A,A,A,A,A,0,0,,,,,,13.5,,11,,,,,11.9,,,,16.1,,,17.8,,,,,,,,14,,,,,,17.3,
12,12,021060141F,A,A,A,A,A,A,A,A,A,A,A,A,A,A,0,0,,,,,,16.5,,,,,,,15.2,,,,14.4,,,17.8,,,,,,,,ABS_EXAM,,,,,,16.3,
13,13,021152110D,A,A,A,A,A,A,A,A,A,A,A,A,A,A,0,0,,0,,,,18,,,,,,,13.5,,,,13.2,,,16.6,,,,,,,,ABS_EXAM,,,,,,16.3,
14,14,021006922C,A,A,A,A,A,A,A,A,A,A,A,A,A,A,0,0,,,,,,16,,6,,,,,13.2,,,,15.1,,,17.6,,,,,,,,4.5,,,,,,18.1,
15,15,0210110646,A,A,A,A,A,A,A,A,A,A,A,A,A,A,0,0,,,,,15.5,,,14,,,,6,11.5,,,,14.2,,,16.8,,,,,,,,1,,,,,,16.3,
16,16,0210110444,A,A,A,A,A,A,A,A,A,A,A,A,A,A,0,0,,,,,,19,,19,,,,,17.7,,,,19,,,19.4,,,,,,,,10,,,,,,18.7,
17,17,0210242822,A,A,A,A,A,A,A,A,A,A,A,A,A,A,0,0,,,,,,16,,ABS_EXAM,,,,,13.4,8,,,,,,16.2,,,3.1,,,5,,ABS_EXAM,,,,,,11.1,
18,18,0201395418,A,A,A,A,A,A,A,A,A,A,A,A,A,A,0,0,,,,,,,,,,,,,8.8,10,12,,13.2,,,,,,,ABS_EXAM,17,,,,,,,,,12.5,
19,19,021137204A,A,A,A,A,A,A,A,A,A,A,A,A,A,A,0,0,3.2,10,,,0,,,,,8.7,,ABS_EXAM,8.5,7,,,6.5,6,4,16.2,,,,10,,5,,ABS_EXAM,,,4,,,3.3,
20,20,0191241128,A,A,A,A,A,A,A,A,A,A,A,A,A,A,0,0,,,,,,14.5,,4,,,,,12.7,,,15.5,,,,15.8,,,,,,,12,0.5,15.8,,,ABS_EXAM,,3.3,
21,21,0210208650,A,A,A,A,A,A,A,A,A,A,A,A,A,A,0,0,,,,,,19,,18,,,,,11.1,,,,13.2,,,17.8,,,,,,,,18,,,,,,18,
22,22,023111691F,A,A,A,A,A,A,A,A,A,A,A,A,A,A,0,0,,,,,3.5,,,14,,,,,15.1,,,,,,,16.2,,,,,,17,,,,,,,,12.9,
23,23,021154835B,A,A,A,A,A,A,A,A,A,A,A,A,A,A,0,0,,8,,,,16.5,,ABS_EXAM,,ABS_EXAM,,,9,10,,,6.9,8,,14.2,,,,7.5,,9,,6.5,,,,,,15,
24,24,0210857849,A,A,A,A,A,A,A,A,A,A,A,A,A,A,0,0,,,,,,0,,,,,,,ABS_EXAM,,,,ABS_EXAM,,,ABS_EXAM,,,,,,,,ABS_EXAM,,,,,,ABS_EXAM,
25,25,0210490455,A,A,A,A,A,A,A,A,A,A,A,A,A,A,0,0,,,,,0,,,ABS_EXAM,,,,,17.4,,,,12.2,,,10,,,,,,,,ABS_EXAM,,,,,,14.2,
